{
    "a1": 0.7820446735395188,
    "a2": 0.6296182810245308,
    "a4": 0.9328358208955224,
    "a5": 0.6626702033598587
}