{
    "a1": 0.8162923416789397,
    "a2": 0.7006068497474747,
    "a4": 0.9436567164179104,
    "a5": 0.7139140457243908
}